Name,Address,PrivateKey
Account 1,0x7E5F4552091A69125d5DfCb7b8C2659029395Bdf,0x0000000000000000000000000000000000000000000000000000000000000001
Account 2,0x2B5AD5c4795c026514f8317c7a215E218DcCD6cF,0x0000000000000000000000000000000000000000000000000000000000000002
Account 3,0x6813Eb9362372EEF6200f3b1dbC3f819671cBA69,0x0000000000000000000000000000000000000000000000000000000000000003
Account 4,0x1efF47bc3a10a45D4B230B5d10E37751FE6AA718,0x0000000000000000000000000000000000000000000000000000000000000004
Account 5,0xe1AB8145F7E55DC933d51a18c793F901A3A0b276,0x0000000000000000000000000000000000000000000000000000000000000005
Account 6,0xE57bFE9F44b819898F47BF37E5AF72a0783e1141,0x0000000000000000000000000000000000000000000000000000000000000006
Account 7,0xd41c057fd1c78805AAC12B0A94a405c0461A6FBb,0x0000000000000000000000000000000000000000000000000000000000000007
Account 8,0xF1F6619B38A98d6De0800F1DefC0a6399eB6d30C,0x0000000000000000000000000000000000000000000000000000000000000008
Account 9,0xF7Edc8FA1eCc32967F827C9043FcAe6ba73afA5c,0x0000000000000000000000000000000000000000000000000000000000000009
Account 10,0x4CCeBa2d7D2B4fdcE4304d3e09a1fea9fbEb1528,0x000000000000000000000000000000000000000000000000000000000000000a
Account 11,0x3DA8D322CB2435dA26E9C9fEE670f9fB7Fe74E49,0x000000000000000000000000000000000000000000000000000000000000000b
Account 12,0xDbc23AE43a150ff8884B02Cea117b22D1c3b9796,0x000000000000000000000000000000000000000000000000000000000000000c
Account 13,0x68E527780872cda0216Ba0d8fBD58b67a5D5e351,0x000000000000000000000000000000000000000000000000000000000000000d
Account 14,0x5A83529ff76Ac5723A87008c4D9B436AD4CA7d28,0x000000000000000000000000000000000000000000000000000000000000000e
Account 15,0x8735015837bD10e05d9cf5EA43A2486Bf4Be156F,0x000000000000000000000000000000000000000000000000000000000000000f
Account 16,0xfaE394561e33e242c551d15D4625309EA4c0B97f,0x0000000000000000000000000000000000000000000000000000000000000010
Account 17,0x252Dae0A4b9d9b80F504F6418acd2d364C0c59cD,0x0000000000000000000000000000000000000000000000000000000000000011
Account 18,0x79196B90D1E952C5A43d4847CAA08d50b967c34A,0x0000000000000000000000000000000000000000000000000000000000000012
Account 19,0x4bd1280852Cadb002734647305AFC1db7ddD6Acb,0x0000000000000000000000000000000000000000000000000000000000000013
Account 20,0x811da72aCA31e56F770Fc33DF0e45fD08720E157,0x0000000000000000000000000000000000000000000000000000000000000014
Account 21,0x157bFBEcd023fD6384daD2Bded5DAD7e27Bf92E4,0x0000000000000000000000000000000000000000000000000000000000000015
Account 22,0x37dA28C050E3c0A1c0aC3BE97913EC038783dA4C,0x0000000000000000000000000000000000000000000000000000000000000016
Account 23,0x3Bc8287F1D872df4217283b7920D363F13Cf39D8,0x0000000000000000000000000000000000000000000000000000000000000017
Account 24,0xf4e2B0fcbd0DC4b326d8A52B718A7bb43BdBd072,0x0000000000000000000000000000000000000000000000000000000000000018
Account 25,0x9a5279029e9A2D6E787c5A09CB068AB3D45e209d,0x0000000000000000000000000000000000000000000000000000000000000019
Account 26,0xc39677F5F47d5fE65ab24e66750e8FCa127c15BE,0x000000000000000000000000000000000000000000000000000000000000001a
Account 27,0x1dc728786E09F862E39Be1f39dD218EE37feB68D,0x000000000000000000000000000000000000000000000000000000000000001b
Account 28,0x636CC65783084b9F370789c90F733DBBeb88925D,0x000000000000000000000000000000000000000000000000000000000000001c
Account 29,0x4a7A7c2E09209dbE44A582cD92b0eDd7129E74be,0x000000000000000000000000000000000000000000000000000000000000001d
Account 30,0xA56160A359F2EAa66f5c9df5245542B07339A9a6,0x000000000000000000000000000000000000000000000000000000000000001e
Account 31,0x6b09D6433a379752157fD1a9E537c5CAe5fa3168,0x000000000000000000000000000000000000000000000000000000000000001f
Account 32,0x32E77DE0D74a5C7AF861aAEd324c6a4c488142a8,0x0000000000000000000000000000000000000000000000000000000000000020
Account 33,0x093d49D617a10F26915553255Ec3FEE532d2C12F,0x0000000000000000000000000000000000000000000000000000000000000021
Account 34,0x138854708D8B603c9b7d4d6e55b6d32D40557F4D,0x0000000000000000000000000000000000000000000000000000000000000022
Account 35,0x7dc0a40D64d72bb4590652B8f5C687bF7F26400c,0x0000000000000000000000000000000000000000000000000000000000000023
Account 36,0x9358A525CC25aa571af0BCB5B98fBEAb045a5e36,0x0000000000000000000000000000000000000000000000000000000000000024
Account 37,0xd8E8EA89D71de89214fA39Ba13bA9FCDDc0d9467,0x0000000000000000000000000000000000000000000000000000000000000025
Account 38,0xb56eD8f48979e1A948AD129199a600d0562cac51,0x0000000000000000000000000000000000000000000000000000000000000026
Account 39,0xf65Ac7003E905d72c666bFec1DC0960ecC9d0D6e,0x0000000000000000000000000000000000000000000000000000000000000027
Account 40,0xd817D23c981472d703bE36da777FFDb1ABEFd972,0x0000000000000000000000000000000000000000000000000000000000000028
Account 41,0xf2ADB90aa27a3C61a95C50063B20919d811e1476,0x0000000000000000000000000000000000000000000000000000000000000029
Account 42,0xae3DfFEE97f92db0201d11CB8877C89738353bCE,0x000000000000000000000000000000000000000000000000000000000000002a
Account 43,0xEB3025e7aC2764040384316b33476E048961a71F,0x000000000000000000000000000000000000000000000000000000000000002b
Account 44,0x9e3289708Dc5709926A542fCf260fD4B210461F0,0x000000000000000000000000000000000000000000000000000000000000002c
Account 45,0x6C23faCE014F20B3ebb65aE96D0D7FF32aB94c17,0x000000000000000000000000000000000000000000000000000000000000002d
Account 46,0xB83B6241f966B1685C8B2fFce3956E21F35B4DcB,0x000000000000000000000000000000000000000000000000000000000000002e
Account 47,0x6350872d7465864689dEf650443026f2f73A08DA,0x000000000000000000000000000000000000000000000000000000000000002f
Account 48,0x673C638147fe91e4277646d86D5AE82f775EeA5C,0x0000000000000000000000000000000000000000000000000000000000000030
Account 49,0xf472086186382Fca55CD182DE196520aBd76F69d,0x0000000000000000000000000000000000000000000000000000000000000031
Account 50,0x5AE58D2bc5145bff0c1bEc0f32BfC2D079BC66ed,0x0000000000000000000000000000000000000000000000000000000000000032
